JURISDICTION,PLANNING PERIOD,6TH CYCLE STARTED,VLI UNITS,RHNA VLI,VLI %,LI UNITS,RHNA LI,LI %,MOD UNITS,RHNA MOD,MOD %,ABOVE MOD UNITS,RHNA ABOVE MOD,ABOVE MOD %
Adelanto,10/15/2021 - 10/15/2029,TRUE,,394,,,566,,,651,,106,2152,4.9%
Agoura Hills,10/15/2021 - 10/15/2029,TRUE,5,127,3.9%,16,72,22.2%,3,55,5.5%,11,64,17.2%
Alameda,1/31/2023 - 1/31/2031,TRUE,13,1421,0.9%,11,818,1.3%,19,868,2.2%,92,2246,4.1%
Alameda County,1/31/2023 - 1/31/2031,TRUE,103,1251,8.2%,112,721,15.5%,33,763,4.3%,72,1976,3.6%
Albany,1/31/2023 - 1/31/2031,TRUE,,308,,,178,,10,175,5.7%,,453,
Alhambra,10/15/2021 - 10/15/2029,TRUE,,1774,,1,1036,0.1%,,1079,,189,2936,6.4%
Aliso Viejo,10/15/2021 - 10/15/2029,TRUE,,390,,,214,,,205,,,386,
Alpine County,8/31/2019 - 6/30/2024,TRUE,,1,,,1,,2,0,Infinity,19,0,Infinity
Alturas,8/31/2019 - 6/30/2024,TRUE,,2,,2,1,200.0%,1,1,100.0%,1,3,33.3%
Amador,9/15/2021 - 9/15/2029,TRUE,,1,,,1,,,1,,,2,
Amador County,9/15/2021 - 9/15/2029,TRUE,5,109,4.6%,12,62,19.4%,44,72,61.1%,64,134,47.8%
American Canyon,1/31/2023 - 1/31/2031,TRUE,4,169,2.4%,,109,,2,95,2.1%,78,249,31.3%
Anaheim,10/15/2021 - 10/15/2029,TRUE,241,3767,6.4%,133,2397,5.5%,124,2945,4.2%,993,8344,11.9%
Anderson,4/15/2020 - 4/15/2028,TRUE,,54,,,37,,,41,,48,109,44.0%
Angels Camp,6/15/2019 - 6/15/2027,TRUE,,57,,1,42,2.4%,,38,,9,107,8.4%
Antioch,1/31/2023 - 1/31/2031,TRUE,11,792,1.4%,8,456,1.8%,10,493,2.0%,334,1275,26.2%
Apple Valley,10/15/2021 - 10/15/2029,TRUE,,1086,,,600,,202,747,27.0%,48,1857,2.6%
Arcadia,10/15/2021 - 10/15/2029,TRUE,,1102,,,570,,,605,,264,937,28.2%
Arcata,8/31/2019 - 8/31/2027,TRUE,167,142,117.6%,80,95,84.2%,136,111,122.5%,89,262,34.0%
Arroyo Grande,12/31/2020 - 12/31/2028,TRUE,,170,,15,107,14.0%,15,124,12.1%,33,291,11.3%
Artesia,10/15/2021 - 10/15/2029,TRUE,,312,,,168,,,128,,9,461,2.0%
Arvin,12/31/2023 - 12/31/2031,TRUE,,124,,,79,,,268,,,703,
Atascadero,12/31/2020 - 12/31/2028,TRUE,3,207,1.4%,103,131,78.6%,111,151,73.5%,87,354,24.6%
Atherton,1/31/2023 - 1/31/2031,TRUE,6,94,6.4%,7,54,13.0%,,56,,25,144,17.4%
Atwater,1/31/2024 - 1/31/2032,TRUE,,768,,,526,,,508,,,1215,
Auburn,5/15/2021 - 5/15/2029,TRUE,,68,,,41,,10,60,16.7%,37,141,26.2%
Avalon,10/15/2021 - 10/15/2029,TRUE,,8,,,5,,,3,,4,11,36.4%
Avenal,1/31/2024 - 1/31/2032,TRUE,,48,,,37,,,55,,,137,
Azusa,10/15/2021 - 10/15/2029,TRUE,,760,,1,368,0.3%,1,382,0.3%,1,1141,0.1%
Bakersfield,12/31/2023 - 12/31/2031,TRUE,,11129,,,7082,,,5317,,,13933,
Baldwin Park,10/15/2021 - 10/15/2029,TRUE,,576,,,275,,,263,,127,887,14.3%
Banning,10/15/2021 - 10/15/2029,TRUE,,317,,,193,,,280,,,883,
Barstow,10/15/2021 - 10/15/2029,TRUE,,172,,,228,,,300,,6,820,0.7%
Beaumont,10/15/2021 - 10/15/2029,TRUE,,1229,,,721,,,723,,,1537,
Bell,10/15/2021 - 10/15/2029,TRUE,,43,,,24,,2,29,6.9%,19,133,14.3%
Bell Gardens,10/15/2021 - 10/15/2029,TRUE,,100,,,29,,,72,,48,302,15.9%
Bellflower,10/15/2021 - 10/15/2029,TRUE,,1015,,,488,,,553,,157,1679,9.4%
Belmont,1/31/2023 - 1/31/2031,TRUE,6,488,1.2%,6,281,2.1%,6,283,2.1%,6,733,0.8%
Belvedere,1/31/2023 - 1/31/2031,TRUE,,49,,,28,,,23,,,60,
Benicia,1/31/2023 - 1/31/2031,TRUE,,212,,,127,,,123,,8,288,2.8%
Berkeley,1/31/2023 - 1/31/2031,TRUE,61,2446,2.5%,49,1408,3.5%,25,1416,1.8%,285,3664,7.8%
Beverly Hills,10/15/2021 - 10/15/2029,TRUE,1,1008,0.1%,1,680,0.1%,,602,,120,814,14.7%
Big Bear Lake,10/15/2021 - 10/15/2029,TRUE,,50,,,33,,,37,,45,92,48.9%
Biggs,6/15/2022 - 6/15/2030,TRUE,,36,,,1,,,12,,,32,
Bishop,4/30/2021 - 4/30/2029,TRUE,,24,,6,20,30.0%,3,21,14.3%,7,53,13.2%
Blue Lake,8/31/2019 - 8/31/2027,TRUE,,7,,,4,,1,5,20.0%,6,7,85.7%
Blythe,10/15/2021 - 10/15/2029,TRUE,,82,,,71,,3,96,3.1%,2,245,0.8%
Bradbury,10/15/2021 - 10/15/2029,TRUE,,16,,,9,,,9,,3,7,42.9%
Brawley,10/15/2021 - 10/15/2029,TRUE,,399,,2,210,1.0%,,202,,73,615,11.9%
Brea,10/15/2021 - 10/15/2029,TRUE,,669,,,393,,,403,,23,900,2.6%
Brentwood,1/31/2023 - 1/31/2031,TRUE,6,402,1.5%,7,232,3.0%,6,247,2.4%,113,641,17.6%
Brisbane,1/31/2023 - 1/31/2031,TRUE,2,317,0.6%,1,183,0.5%,2,303,0.7%,,785,
Buellton,2/15/2023 - 2/15/2031,TRUE,,55,,,37,,,30,,,43,
Buena Park,10/15/2021 - 10/15/2029,TRUE,74,2119,3.5%,34,1343,2.5%,18,1573,1.1%,141,3884,3.6%
Burbank,10/15/2021 - 10/15/2029,TRUE,3,2553,0.1%,313,1418,22.1%,125,1409,8.9%,835,3392,24.6%
Burlingame,1/31/2023 - 1/31/2031,TRUE,,863,,,497,,,529,,,1368,
Butte County,6/15/2022 - 6/15/2030,TRUE,,272,,,361,,45,998,4.5%,276,2157,12.8%
Calabasas,10/15/2021 - 10/15/2029,TRUE,3,132,2.3%,,71,,4,70,5.7%,14,81,17.3%
Calaveras County,6/15/2019 - 6/15/2027,TRUE,14,268,5.2%,30,178,16.9%,144,168,85.7%,253,482,52.5%
Calexico,10/15/2021 - 10/15/2029,TRUE,,1279,,,655,,,614,,,2320,
California City,12/31/2023 - 12/31/2031,TRUE,,39,,,25,,,100,,,263,
Calimesa,10/15/2021 - 10/15/2029,TRUE,,495,,,275,,15,379,4.0%,33,868,3.8%
Calipatria,10/15/2021 - 10/15/2029,TRUE,,36,,4,21,19.0%,4,16,25.0%,,78,
Calistoga,1/31/2023 - 1/31/2031,TRUE,,31,,,19,,,19,,,50,
Camarillo,10/15/2021 - 10/15/2029,TRUE,36,353,10.2%,23,244,9.4%,54,271,19.9%,26,508,5.1%
Campbell,1/31/2023 - 1/31/2031,TRUE,6,752,0.8%,8,434,1.8%,6,499,1.2%,50,1292,3.9%
Canyon Lake,10/15/2021 - 10/15/2029,TRUE,,43,,,24,,,24,,1,38,2.6%
Capitola,12/15/2023 - 12/15/2031,TRUE,,430,,,282,,1,169,0.6%,,455,
Carlsbad,4/30/2021 - 4/30/2029,TRUE,45,1311,3.4%,160,784,20.4%,213,749,28.4%,396,1029,38.5%
Carmel,12/15/2023 - 12/15/2031,TRUE,,113,,,74,,,44,,,118,
Carpinteria,2/15/2023 - 2/15/2031,TRUE,,286,,,132,,,135,,10,348,2.9%
Carson,10/15/2021 - 10/15/2029,TRUE,,1770,,,913,,,875,,27,2060,1.3%
Cathedral,10/15/2021 - 10/15/2029,TRUE,6,540,1.1%,23,353,6.5%,16,457,3.5%,157,1199,13.1%
Ceres,12/31/2023 - 12/31/2031,TRUE,,706,,,489,,,661,,,1505,
Cerritos,10/15/2021 - 10/15/2029,TRUE,5,679,0.7%,,345,,4,332,1.2%,10,552,1.8%
Chico,6/15/2022 - 6/15/2030,TRUE,173,1101,15.7%,127,507,25.0%,8,770,1.0%,288,1110,25.9%
Chino,10/15/2021 - 10/15/2029,TRUE,,2113,,2,1284,0.2%,19,1203,1.6%,892,2378,37.5%
Chino Hills,10/15/2021 - 10/15/2029,TRUE,10,1388,0.7%,16,821,1.9%,19,789,2.4%,66,731,9.0%
Chowchilla,1/31/2024 - 1/31/2032,TRUE,,364,,,306,,,275,,,785,
Chula Vista,4/30/2021 - 4/30/2029,TRUE,141,2750,5.1%,399,1777,22.5%,,1911,,2374,4667,50.9%
Citrus Heights,5/15/2021 - 5/15/2029,TRUE,13,132,9.8%,157,79,198.7%,8,144,5.6%,243,342,71.1%
Claremont,10/15/2021 - 10/15/2029,TRUE,30,556,5.4%,20,310,6.5%,7,297,2.4%,89,548,16.2%
Clayton,1/31/2023 - 1/31/2031,TRUE,,170,,,97,,,84,,,219,
Clearlake,8/15/2019 - 8/15/2027,TRUE,1,97,1.0%,116,65,178.5%,8,72,11.1%,2,200,1.0%
Cloverdale,1/31/2023 - 1/31/2031,TRUE,,86,,24,55,43.6%,,45,,2,149,1.3%
Clovis,12/31/2023 - 12/31/2031,TRUE,,2926,,,1549,,,1448,,,3054,
Coachella,10/15/2021 - 10/15/2029,TRUE,,1033,,,999,,74,1367,5.4%,191,4487,4.3%
Coalinga,12/31/2023 - 12/31/2031,TRUE,,157,,,96,,,89,,,224,
Colfax,5/15/2021 - 5/15/2029,TRUE,,17,,,11,,,21,,,48,
Colma,1/31/2023 - 1/31/2031,TRUE,,44,,,25,,,37,,,96,
Colton,10/15/2021 - 10/15/2029,TRUE,,1318,,,668,,,906,,89,2542,3.5%
Colusa,12/31/2020 - 12/31/2028,TRUE,48,76,63.2%,,64,,80,79,101.3%,,160,
Colusa County,12/31/2020 - 12/31/2028,TRUE,2,114,1.8%,10,91,11.0%,6,110,5.5%,12,211,5.7%
Commerce,10/15/2021 - 10/15/2029,TRUE,,55,,3,22,13.6%,2,39,5.1%,3,131,2.3%
Compton,10/15/2021 - 10/15/2029,TRUE,,235,,,121,,,131,,97,517,18.8%
Concord,1/31/2023 - 1/31/2031,TRUE,,1292,,,744,,,847,,,2190,
Contra Costa County,1/31/2023 - 1/31/2031,TRUE,31,2072,1.5%,71,1194,5.9%,108,1211,8.9%,164,3133,5.2%
Corcoran,1/31/2024 - 1/31/2032,TRUE,,122,,,116,,,118,,,359,
Corning,8/31/2019 - 6/30/2024,TRUE,,47,,6,36,16.7%,1,36,2.8%,,87,
Corona,10/15/2021 - 10/15/2029,TRUE,52,1752,3.0%,,1040,,,1096,,494,2200,22.5%
Coronado,4/30/2021 - 4/30/2029,TRUE,,312,,,169,,,159,,134,272,49.3%
Corte Madera,1/31/2023 - 1/31/2031,TRUE,2,213,0.9%,2,123,1.6%,2,108,1.9%,,281,
Costa Mesa,10/15/2021 - 10/15/2029,TRUE,24,2919,0.8%,44,1794,2.5%,11,2088,0.5%,10,4959,0.2%
Cotati,1/31/2023 - 1/31/2031,TRUE,,60,,,34,,,39,,1,101,1.0%
Covina,10/15/2021 - 10/15/2029,TRUE,30,614,4.9%,24,268,9.0%,64,281,22.8%,249,747,33.3%
Crescent City,9/15/2022 - 9/15/2030,TRUE,,39,,,22,,,27,,12,101,11.9%
Cudahy,10/15/2021 - 10/15/2029,TRUE,4,80,5.0%,,36,,,53,,55,224,24.6%
Culver City,10/15/2021 - 10/15/2029,TRUE,73,1108,6.6%,1,604,0.2%,2,560,0.4%,197,1069,18.4%
Cupertino,1/31/2023 - 1/31/2031,TRUE,10,1193,0.8%,8,687,1.2%,9,755,1.2%,36,1953,1.8%
Cypress,10/15/2021 - 10/15/2029,TRUE,16,1150,1.4%,,657,,1,623,0.2%,457,1506,30.3%
Daly City,1/31/2023 - 1/31/2031,TRUE,,1336,,,769,,19,762,2.5%,22,1971,1.1%
Dana Point,10/15/2021 - 10/15/2029,TRUE,1,147,0.7%,8,84,9.5%,2,101,2.0%,55,198,27.8%
Danville,1/31/2023 - 1/31/2031,TRUE,4,652,0.6%,4,376,1.1%,11,338,3.3%,71,875,8.1%
Davis,5/15/2021 - 5/15/2029,TRUE,28,580,4.8%,,350,,522,340,153.5%,187,805,23.2%
Del Mar,4/30/2021 - 4/30/2029,TRUE,,37,,,64,,38,31,122.6%,29,31,93.5%
Del Norte County,9/15/2022 - 9/15/2030,TRUE,15,102,14.7%,8,75,10.7%,12,55,21.8%,61,154,39.6%
Del Rey Oaks,12/15/2023 - 12/15/2031,TRUE,,60,,,38,,,24,,,62,
Delano,12/31/2023 - 12/31/2031,TRUE,,324,,,206,,,369,,,967,
Desert Hot Springs,10/15/2021 - 10/15/2029,TRUE,,569,,2,535,0.4%,247,688,35.9%,59,2081,2.8%
Diamond Bar,10/15/2021 - 10/15/2029,TRUE,35,844,4.1%,40,434,9.2%,5,437,1.1%,11,806,1.4%
Dinuba,12/31/2023 - 12/31/2031,TRUE,,387,,,238,,,268,,,695,
Dixon,1/31/2023 - 1/31/2031,TRUE,16,113,14.2%,56,62,90.3%,,62,,215,179,120.1%
Dorris,2/15/2023 - 2/15/2031,TRUE,,1,,,1,,,0,,,0,
Dos Palos,1/31/2024 - 1/31/2032,TRUE,,56,,,39,,,49,,,117,
Downey,10/15/2021 - 10/15/2029,TRUE,,2079,,,946,,,915,,332,2585,12.8%
Duarte,10/15/2021 - 10/15/2029,TRUE,3,269,1.1%,38,145,26.2%,7,137,5.1%,292,337,86.6%
Dublin,1/31/2023 - 1/31/2031,TRUE,,1085,,,625,,,560,,370,1449,25.5%
Dunsmuir,2/15/2023 - 2/15/2031,TRUE,,1,,,1,,,0,,1,0,Infinity
East Palo Alto,1/31/2023 - 1/31/2031,TRUE,10,165,6.1%,7,95,7.4%,6,159,3.8%,9,410,2.2%
Eastvale,10/15/2021 - 10/15/2029,TRUE,,1145,,,672,,,635,,24,576,4.2%
El Cajon,4/30/2021 - 4/30/2029,TRUE,,481,,34,414,8.2%,77,518,14.9%,125,1867,6.7%
El Centro,10/15/2021 - 10/15/2029,TRUE,129,1001,12.9%,106,490,21.6%,34,462,7.4%,1,1489,0.1%
El Cerrito,1/31/2023 - 1/31/2031,TRUE,,334,,,192,,,241,,50,624,8.0%
El Dorado County,5/15/2021 - 5/15/2029,TRUE,74,1441,5.1%,77,868,8.9%,109,903,12.1%,1421,2141,66.4%
El Monte,10/15/2021 - 10/15/2029,TRUE,38,1797,2.1%,,853,,,1233,,223,4619,4.8%
El Segundo,10/15/2021 - 10/15/2029,TRUE,,189,,,88,,,84,,31,131,23.7%
Elk Grove,5/15/2021 - 5/15/2029,TRUE,102,2661,3.8%,389,1604,24.3%,4,1186,0.3%,949,2812,33.7%
Emeryville,1/31/2023 - 1/31/2031,TRUE,53,451,11.8%,36,259,13.9%,,308,,26,797,3.3%
Encinitas,4/30/2021 - 4/30/2029,TRUE,34,469,7.2%,18,369,4.9%,78,308,25.3%,378,408,92.6%
Escalon,12/31/2023 - 12/31/2031,TRUE,,92,,,54,,,80,,,142,
Escondido,4/30/2021 - 4/30/2029,TRUE,91,1864,4.9%,113,1249,9.0%,40,1527,2.6%,844,4967,17.0%
Etna,2/15/2023 - 2/15/2031,TRUE,,1,,,1,,,0,,,0,
Eureka,8/31/2019 - 8/31/2027,TRUE,7,231,3.0%,63,147,42.9%,36,172,20.9%,44,402,10.9%
Exeter,12/31/2023 - 12/31/2031,TRUE,,197,,,121,,,146,,,380,
Fairfax,1/31/2023 - 1/31/2031,TRUE,2,149,1.3%,2,86,2.3%,2,71,2.8%,,184,
Fairfield,1/31/2023 - 1/31/2031,TRUE,36,792,4.5%,139,464,30.0%,14,539,2.6%,339,1274,26.6%
Farmersville,12/31/2023 - 12/31/2031,TRUE,,135,,,83,,,121,,,315,
Ferndale,8/31/2019 - 8/31/2027,TRUE,,9,,8,5,160.0%,3,6,50.0%,8,13,61.5%
Fillmore,10/15/2021 - 10/15/2029,TRUE,4,73,5.5%,3,61,4.9%,,72,,84,209,40.2%
Firebaugh,12/31/2023 - 12/31/2031,TRUE,,102,,,46,,,66,,,229,
Folsom,5/15/2021 - 5/15/2029,TRUE,162,2226,7.3%,263,1341,19.6%,620,829,74.8%,2385,1967,121.3%
Fontana,10/15/2021 - 10/15/2029,TRUE,,5109,,,2950,,,3035,,2366,6425,36.8%
Fort Bragg,8/15/2019 - 8/15/2027,TRUE,27,60,45.0%,49,31,158.1%,47,23,204.3%,18,23,78.3%
Fort Jones,2/15/2023 - 2/15/2031,TRUE,,1,,,1,,,0,,,0,
Fortuna,8/31/2019 - 8/31/2027,TRUE,,73,,8,46,17.4%,73,51,143.1%,69,120,57.5%
Foster City,1/31/2023 - 1/31/2031,TRUE,1,520,0.2%,,299,,1,300,0.3%,2,777,0.3%
Fountain Valley,10/15/2021 - 10/15/2029,TRUE,65,1307,5.0%,58,786,7.4%,22,834,2.6%,99,1912,5.2%
Fowler,12/31/2023 - 12/31/2031,TRUE,,94,,,57,,,47,,,141,
Fremont,1/31/2023 - 1/31/2031,TRUE,43,3640,1.2%,103,2096,4.9%,23,1996,1.2%,165,5165,3.2%
Fresno,12/31/2023 - 12/31/2031,TRUE,,9440,,,5884,,,5638,,,15904,
Fresno County,12/31/2023 - 12/31/2031,TRUE,,706,,,391,,,370,,,883,
Fullerton,10/15/2021 - 10/15/2029,TRUE,44,3198,1.4%,74,1989,3.7%,24,2271,1.1%,430,5751,7.5%
Galt,5/15/2021 - 5/15/2029,TRUE,,404,,2,243,0.8%,,379,,358,900,39.8%
Garden Grove,10/15/2021 - 10/15/2029,TRUE,,4166,,,2801,,,3211,,861,8990,9.6%
Gardena,10/15/2021 - 10/15/2029,TRUE,,1485,,2,761,0.3%,,894,,739,2595,28.5%
Gilroy,1/31/2023 - 1/31/2031,TRUE,12,669,1.8%,12,385,3.1%,11,200,5.5%,153,519,29.5%
Glendale,10/15/2021 - 10/15/2029,TRUE,205,3439,6.0%,312,2163,14.4%,,2249,,1010,5574,18.1%
Glendora,10/15/2021 - 10/15/2029,TRUE,1,735,0.1%,4,386,1.0%,8,388,2.1%,134,767,17.5%
Glenn County,11/30/2021 - 11/30/2029,TRUE,,75,,4,30,13.3%,8,36,22.2%,12,88,13.6%
Goleta,2/15/2023 - 2/15/2031,TRUE,7,682,1.0%,11,324,3.4%,,370,,3,461,0.7%
Gonzales,12/15/2023 - 12/15/2031,TRUE,,173,,,115,,,321,,,657,
Grand Terrace,10/15/2021 - 10/15/2029,TRUE,,189,,,92,,,106,,2,243,0.8%
Grass Valley,8/15/2019 - 8/15/2027,TRUE,30,143,21.0%,50,126,39.7%,15,125,12.0%,45,349,12.9%
Greenfield,12/15/2023 - 12/15/2031,TRUE,,101,,,66,,3,184,1.6%,,379,
Gridley,6/15/2022 - 6/15/2030,TRUE,,118,,,41,,,30,,,156,
Grover Beach,12/31/2020 - 12/31/2028,TRUE,,91,,21,57,36.8%,15,66,22.7%,29,155,18.7%
Guadalupe,2/15/2023 - 2/15/2031,TRUE,,3,,,24,,49,77,63.6%,,327,
Gustine,1/31/2024 - 1/31/2032,TRUE,,77,,,53,,,64,,,152,
Half Moon Bay,1/31/2023 - 1/31/2031,TRUE,4,181,2.2%,14,104,13.5%,6,54,11.1%,9,141,6.4%
Hanford,1/31/2024 - 1/31/2032,TRUE,,1369,,,993,,,1066,,,2119,
Hawaiian Gardens,10/15/2021 - 10/15/2029,TRUE,,61,,,44,,,46,,14,180,7.8%
Hawthorne,10/15/2021 - 10/15/2029,TRUE,,445,,,204,,,249,,32,836,3.8%
Hayward,1/31/2023 - 1/31/2031,TRUE,58,1075,5.4%,147,617,23.8%,108,817,13.2%,329,2115,15.6%
Healdsburg,1/31/2023 - 1/31/2031,TRUE,,190,,,109,,,49,,8,128,6.3%
Hemet,10/15/2021 - 10/15/2029,TRUE,,812,,,732,,58,1174,4.9%,886,3748,23.6%
Hercules,1/31/2023 - 1/31/2031,TRUE,,344,,,198,,,126,,2,327,0.6%
Hermosa Beach,10/15/2021 - 10/15/2029,TRUE,,232,,,127,,5,106,4.7%,64,93,68.8%
Hesperia,10/15/2021 - 10/15/2029,TRUE,,1921,,,1231,,31,1409,2.2%,381,3594,10.6%
Hidden Hills,10/15/2021 - 10/15/2029,TRUE,8,17,47.1%,,8,,,9,,24,6,400.0%
Highland,10/15/2021 - 10/15/2029,TRUE,18,619,2.9%,28,409,6.8%,20,471,4.2%,131,1014,12.9%
Hillsborough,1/31/2023 - 1/31/2031,TRUE,,155,,,89,,,87,,,223,
Hollister,12/15/2023 - 12/15/2031,TRUE,,846,,,678,,,826,,,1813,
Holtville,10/15/2021 - 10/15/2029,TRUE,32,41,78.0%,3,33,9.1%,1,26,3.8%,2,71,2.8%
Hughson,12/31/2023 - 12/31/2031,TRUE,,284,,,196,,,122,,,279,
Humboldt County,8/31/2019 - 8/31/2027,TRUE,19,351,5.4%,38,223,17.0%,178,256,69.5%,290,583,49.7%
Huntington Beach,10/15/2021 - 10/15/2029,TRUE,148,3661,4.0%,157,2184,7.2%,60,2308,2.6%,490,5215,9.4%
Huntington Park,10/15/2021 - 10/15/2029,TRUE,,264,,25,196,12.8%,,243,,,902,
Huron,12/31/2023 - 12/31/2031,TRUE,,45,,,45,,,55,,,174,
Imperial,10/15/2021 - 10/15/2029,TRUE,,704,,117,346,33.8%,29,294,9.9%,231,257,89.9%
Imperial Beach,4/30/2021 - 4/30/2029,TRUE,,225,,,123,,,183,,103,798,12.9%
Imperial County,10/15/2021 - 10/15/2029,TRUE,,1203,,29,596,4.9%,44,580,7.6%,27,1922,1.4%
Indian Wells,10/15/2021 - 10/15/2029,TRUE,2,117,1.7%,2,81,2.5%,3,91,3.3%,169,93,181.7%
Indio,10/15/2021 - 10/15/2029,TRUE,228,1793,12.7%,170,1170,14.5%,,1315,,920,3534,26.0%
Industry,10/15/2021 - 10/15/2029,TRUE,,6,,,4,,,2,,,5,
Inglewood,10/15/2021 - 10/15/2029,TRUE,7,1813,0.4%,,955,,,1112,,229,3559,6.4%
Inyo County,4/30/2021 - 4/30/2029,TRUE,,46,,,40,,,39,,34,80,42.5%
Ione,9/15/2021 - 9/15/2029,TRUE,,30,,,20,,,25,,49,42,116.7%
Irvine,10/15/2021 - 10/15/2029,TRUE,226,6396,3.5%,69,4235,1.6%,83,4308,1.9%,3588,8671,41.4%
Irwindale,10/15/2021 - 10/15/2029,TRUE,,36,,,11,,,17,,1,55,1.8%
Isleton,5/15/2021 - 5/15/2029,TRUE,,5,,,3,,,6,,,14,
Jackson,9/15/2021 - 9/15/2029,TRUE,,27,,,23,,,24,,14,64,21.9%
Jurupa Valley,10/15/2021 - 10/15/2029,TRUE,25,1207,2.1%,40,749,5.3%,41,731,5.6%,335,1810,18.5%
Kerman,12/31/2023 - 12/31/2031,TRUE,,285,,,134,,,168,,,476,
Kern County,12/31/2023 - 12/31/2031,TRUE,,1551,,,987,,,1852,,,4852,
King City,12/15/2023 - 12/15/2031,TRUE,,97,,,63,,,178,,,364,
Kings County,1/31/2024 - 1/31/2032,TRUE,,132,,,89,,,106,,,234,
Kingsburg,12/31/2023 - 12/31/2031,TRUE,,248,,,161,,,150,,,323,
La Canada Flintridge,10/15/2021 - 10/15/2029,TRUE,,252,,,135,,,139,,89,86,103.5%
La Habra,10/15/2021 - 10/15/2029,TRUE,2,192,1.0%,77,116,66.4%,,130,,63,366,17.2%
La Habra Heights,10/15/2021 - 10/15/2029,TRUE,3,78,3.8%,,35,,,31,,1,28,3.6%
La Mesa,4/30/2021 - 4/30/2029,TRUE,12,859,1.4%,129,487,26.5%,223,577,38.6%,229,1874,12.2%
La Mirada,10/15/2021 - 10/15/2029,TRUE,,634,,,342,,,320,,14,666,2.1%
La Palma,10/15/2021 - 10/15/2029,TRUE,,224,,5,140,3.6%,,137,,,301,
La Puente,10/15/2021 - 10/15/2029,TRUE,,544,,,275,,,275,,95,835,11.4%
La Quinta,10/15/2021 - 10/15/2029,TRUE,,420,,,269,,,297,,910,544,167.3%
La Verne,10/15/2021 - 10/15/2029,TRUE,2,414,0.5%,,239,,8,223,3.6%,7,470,1.5%
Lafayette,1/31/2023 - 1/31/2031,TRUE,2,599,0.3%,,344,,34,326,10.4%,40,845,4.7%
Laguna Beach,10/15/2021 - 10/15/2029,TRUE,,118,,,80,,,79,,215,117,183.8%
Laguna Hills,10/15/2021 - 10/15/2029,TRUE,,568,,,353,,,354,,,710,
Laguna Niguel,10/15/2021 - 10/15/2029,TRUE,16,348,4.6%,1,202,0.5%,5,223,2.2%,320,434,73.7%
Laguna Woods,10/15/2021 - 10/15/2029,TRUE,,127,,,136,,,192,,,542,
Lake County,8/15/2019 - 8/15/2027,TRUE,2,332,0.6%,118,224,52.7%,33,207,15.9%,61,576,10.6%
Lake Elsinore,10/15/2021 - 10/15/2029,TRUE,3,1878,0.2%,,1099,,163,1134,14.4%,472,2570,18.4%
Lake Forest,10/15/2021 - 10/15/2029,TRUE,86,956,9.0%,75,543,13.8%,1,559,0.2%,634,1178,53.8%
Lakeport,8/15/2019 - 8/15/2027,TRUE,34,31,109.7%,17,21,81.0%,2,21,9.5%,5,59,8.5%
Lakewood,10/15/2021 - 10/15/2029,TRUE,46,1296,3.5%,54,637,8.5%,5,653,0.8%,33,1336,2.5%
Lancaster,10/15/2021 - 10/15/2029,TRUE,8,2224,0.4%,70,1194,5.9%,24,1328,1.8%,947,4277,22.1%
Larkspur,1/31/2023 - 1/31/2031,TRUE,4,291,1.4%,6,168,3.6%,6,145,4.1%,,375,
Lassen County,8/31/2019 - 6/30/2024,TRUE,,20,,,12,,,13,,22,32,68.8%
Lathrop,12/31/2023 - 12/31/2031,TRUE,,2149,,,1735,,,1360,,,3158,
Lawndale,10/15/2021 - 10/15/2029,TRUE,,732,,,311,,,371,,,1083,
Lemon Grove,4/30/2021 - 4/30/2029,TRUE,,295,,13,166,7.8%,,193,,152,705,21.6%
Lemoore,1/31/2024 - 1/31/2032,TRUE,,586,,,437,,,408,,,898,
Lincoln,5/15/2021 - 5/15/2029,TRUE,,1496,,,902,,714,807,88.5%,1039,1915,54.3%
Lindsay,12/31/2023 - 12/31/2031,TRUE,,93,,,58,,,178,,,460,
Live Oak,5/15/2021 - 5/15/2029,TRUE,,73,,,44,,,87,,58,208,27.9%
Livermore,1/31/2023 - 1/31/2031,TRUE,,1317,,,758,,46,696,6.6%,21,1799,1.2%
Livingston,1/31/2024 - 1/31/2032,TRUE,,311,,,213,,,169,,,404,
Lodi,12/31/2023 - 12/31/2031,TRUE,,916,,,617,,,753,,,1623,
Loma Linda,10/15/2021 - 10/15/2029,TRUE,10,523,1.9%,13,311,4.2%,6,352,1.7%,50,865,5.8%
Lomita,10/15/2021 - 10/15/2029,TRUE,3,239,1.3%,15,124,12.1%,3,128,2.3%,50,338,14.8%
Lompoc,2/15/2023 - 2/15/2031,TRUE,,166,,,262,,,311,,,1509,
Long Beach,10/15/2021 - 10/15/2029,TRUE,270,7141,3.8%,241,4047,6.0%,,4158,,761,11156,6.8%
Loomis,5/15/2021 - 5/15/2029,TRUE,,117,,14,71,19.7%,26,49,53.1%,40,115,34.8%
Los Alamitos,10/15/2021 - 10/15/2029,TRUE,,194,,,119,,,145,,2,311,0.6%
Los Altos,1/31/2023 - 1/31/2031,TRUE,,501,,1,288,0.3%,,326,,109,843,12.9%
Los Altos Hills,1/31/2023 - 1/31/2031,TRUE,,125,,,72,,,82,,,210,
Los Angeles,10/15/2021 - 10/15/2029,TRUE,2802,115978,2.4%,1370,68743,2.0%,116,75091,0.2%,23148,196831,11.8%
Los Angeles County,10/15/2021 - 10/15/2029,TRUE,182,25648,0.7%,650,13691,4.7%,17,14180,0.1%,4311,36533,11.8%
Los Banos,1/31/2024 - 1/31/2032,TRUE,,719,,,493,,,566,,,1354,
Los Gatos,1/31/2023 - 1/31/2031,TRUE,10,537,1.9%,11,310,3.5%,14,320,4.4%,25,826,3.0%
Loyalton,8/31/2019 - 6/30/2024,TRUE,,1,,,1,,,0,,,0,
Lynwood,10/15/2021 - 10/15/2029,TRUE,,377,,66,139,47.5%,283,235,120.4%,1,807,0.1%
Madera,1/31/2024 - 1/31/2032,TRUE,,1172,,,925,,,1071,,,2742,
Madera County,1/31/2024 - 1/31/2032,TRUE,,1275,,,887,,,829,,,1612,
Malibu,10/15/2021 - 10/15/2029,TRUE,,28,,,19,,,17,,59,15,393.3%
Mammoth Lakes,8/15/2019 - 8/15/2027,TRUE,18,26,69.2%,77,30,256.7%,,34,,198,65,304.6%
Manhattan Beach,10/15/2021 - 10/15/2029,TRUE,,322,,,165,,,155,,189,132,143.2%
Manteca,12/31/2023 - 12/31/2031,TRUE,,2148,,,1507,,,1465,,,3186,
Maricopa,12/31/2023 - 12/31/2031,TRUE,,1,,,1,,,3,,,8,
Marin County,1/31/2023 - 1/31/2031,TRUE,43,1100,3.9%,60,634,9.5%,19,512,3.7%,37,1323,2.8%
Marina,12/15/2023 - 12/15/2031,TRUE,,94,,,62,,,173,,,356,
Mariposa County,8/31/2019 - 6/30/2024,TRUE,,51,,1,26,3.8%,,37,,199,81,245.7%
Martinez,1/31/2023 - 1/31/2031,TRUE,,350,,,201,,,221,,84,573,14.7%
Marysville,5/15/2021 - 5/15/2029,TRUE,,38,,75,23,326.1%,,31,,1,75,1.3%
Maywood,10/15/2021 - 10/15/2029,TRUE,,55,,,47,,,55,,,208,
Mcfarland,12/31/2023 - 12/31/2031,TRUE,,50,,,32,,,45,,,117,
Mendocino County,8/15/2019 - 8/15/2027,TRUE,125,291,43.0%,21,179,11.7%,204,177,115.3%,275,702,39.2%
Mendota,12/31/2023 - 12/31/2031,TRUE,,129,,,68,,,97,,,348,
Menifee,10/15/2021 - 10/15/2029,TRUE,4,1761,0.2%,4,1051,0.4%,20,1106,1.8%,2754,2691,102.3%
Menlo Park,1/31/2023 - 1/31/2031,TRUE,19,740,2.6%,21,426,4.9%,16,496,3.2%,9,1284,0.7%
Merced,1/31/2024 - 1/31/2032,TRUE,,2543,,,1742,,,1838,,,4394,
Merced County,1/31/2024 - 1/31/2032,TRUE,,1042,,,714,,,736,,,1758,
Mill Valley,1/31/2023 - 1/31/2031,TRUE,6,262,2.3%,7,151,4.6%,9,126,7.1%,3,326,0.9%
Millbrae,1/31/2023 - 1/31/2031,TRUE,4,575,0.7%,4,331,1.2%,4,361,1.1%,1,932,0.1%
Milpitas,1/31/2023 - 1/31/2031,TRUE,,1685,,,970,,,1131,,,2927,
Mission Viejo,10/15/2021 - 10/15/2029,TRUE,5,674,0.7%,8,401,2.0%,,397,,116,745,15.6%
Modesto,12/31/2023 - 12/31/2031,TRUE,,2807,,,1943,,,1981,,,4517,
Modoc County,8/31/2019 - 6/30/2024,TRUE,1,3,33.3%,1,2,50.0%,14,3,466.7%,3,5,60.0%
Mono County,8/15/2019 - 8/15/2027,TRUE,3,13,23.1%,14,16,87.5%,10,21,47.6%,33,35,94.3%
Monrovia,10/15/2021 - 10/15/2029,TRUE,13,519,2.5%,,262,,12,254,4.7%,1058,635,166.6%
Montague,2/15/2023 - 2/15/2031,TRUE,,1,,2,1,200.0%,,0,,,0,
Montclair,10/15/2021 - 10/15/2029,TRUE,,698,,,383,,,399,,532,1113,47.8%
Monte Sereno,1/31/2023 - 1/31/2031,TRUE,7,53,13.2%,3,30,10.0%,1,31,3.2%,9,79,11.4%
Montebello,10/15/2021 - 10/15/2029,TRUE,19,1314,1.4%,43,707,6.1%,,777,,277,2388,11.6%
Monterey,12/15/2023 - 12/15/2031,TRUE,,1177,,,769,,,462,,1,1246,0.1%
Monterey County,12/15/2023 - 12/15/2031,TRUE,,1070,,,700,,,420,,,1136,
Monterey Park,10/15/2021 - 10/15/2029,TRUE,3,1324,0.2%,,822,,,848,,141,2263,6.2%
Moorpark,10/15/2021 - 10/15/2029,TRUE,8,377,2.1%,14,233,6.0%,7,245,2.9%,,434,
Moraga,1/31/2023 - 1/31/2031,TRUE,,318,,,183,,,172,,,445,
Moreno Valley,10/15/2021 - 10/15/2029,TRUE,,3779,,32,2051,1.6%,523,2165,24.2%,878,5632,15.6%
Morgan Hill,1/31/2023 - 1/31/2031,TRUE,,262,,,151,,28,174,16.1%,102,450,22.7%
Morro Bay,12/31/2020 - 12/31/2028,TRUE,26,97,26.8%,8,60,13.3%,18,70,25.7%,46,164,28.0%
Mount Shasta,2/15/2023 - 2/15/2031,TRUE,,1,,2,1,200.0%,,0,,6,0,Infinity
Mountain View,1/31/2023 - 1/31/2031,TRUE,132,2773,4.8%,49,1597,3.1%,29,1885,1.5%,104,4880,2.1%
Murrieta,10/15/2021 - 10/15/2029,TRUE,,1009,,258,583,44.3%,,545,,1424,906,157.2%
Napa,1/31/2023 - 1/31/2031,TRUE,,770,,24,444,5.4%,28,405,6.9%,80,1050,7.6%
Napa County,1/31/2023 - 1/31/2031,TRUE,8,45,17.8%,5,16,31.3%,6,14,42.9%,19,31,61.3%
National City,4/30/2021 - 4/30/2029,TRUE,34,645,5.3%,199,506,39.3%,,711,,219,3575,6.1%
Needles,10/15/2021 - 10/15/2029,TRUE,,10,,,11,,3,16,18.8%,4,50,8.0%
Nevada City,8/15/2019 - 8/15/2027,TRUE,38,29,131.0%,12,23,52.2%,1,23,4.3%,26,60,43.3%
Nevada County,8/15/2019 - 8/15/2027,TRUE,21,475,4.4%,54,367,14.7%,67,346,19.4%,81,874,9.3%
Newark,1/31/2023 - 1/31/2031,TRUE,,464,,,268,,,318,,84,824,10.2%
Newman,12/31/2023 - 12/31/2031,TRUE,,197,,,136,,,218,,,497,
Newport Beach,10/15/2021 - 10/15/2029,TRUE,32,1456,2.2%,53,930,5.7%,25,1050,2.4%,39,1409,2.8%
Norco,10/15/2021 - 10/15/2029,TRUE,6,145,4.1%,10,85,11.8%,10,82,12.2%,33,142,23.2%
Norwalk,10/15/2021 - 10/15/2029,TRUE,40,1546,2.6%,75,759,9.9%,2,658,0.3%,58,2071,2.8%
Novato,1/31/2023 - 1/31/2031,TRUE,55,570,9.6%,9,328,2.7%,6,332,1.8%,12,860,1.4%
Oakdale,12/31/2023 - 12/31/2031,TRUE,,414,,,286,,,294,,,671,
Oakland,1/31/2023 - 1/31/2031,TRUE,174,6511,2.7%,113,3750,3.0%,141,4457,3.2%,355,11533,3.1%
Oakley,1/31/2023 - 1/31/2031,TRUE,,279,,,161,,6,172,3.5%,92,446,20.6%
Oceanside,4/30/2021 - 4/30/2029,TRUE,90,1268,7.1%,44,718,6.1%,321,883,36.4%,1094,2574,42.5%
Ojai,10/15/2021 - 10/15/2029,TRUE,,13,,,9,,,10,,55,21,261.9%
Ontario,10/15/2021 - 10/15/2029,TRUE,30,5640,0.5%,20,3286,0.6%,,3329,,2866,8599,33.3%
Orange,10/15/2021 - 10/15/2029,TRUE,50,1067,4.7%,86,604,14.2%,154,677,22.7%,52,1588,3.3%
Orange County,10/15/2021 - 10/15/2029,TRUE,,3107,,,1866,,,2006,,946,3361,28.1%
Orange Cove,12/31/2023 - 12/31/2031,TRUE,,66,,,49,,,86,,,268,
Orinda,1/31/2023 - 1/31/2031,TRUE,,372,,,215,,26,215,12.1%,5,557,0.9%
Orland,11/30/2021 - 11/30/2029,TRUE,,62,,,31,,,44,,,110,
Oroville,6/15/2022 - 6/15/2030,TRUE,,171,,,6,,,73,,119,375,31.7%
Oxnard,10/15/2021 - 10/15/2029,TRUE,141,1840,7.7%,254,1071,23.7%,55,1538,3.6%,487,4100,11.9%
Pacific Grove,12/15/2023 - 12/15/2031,TRUE,,362,,,237,,,142,,,384,
Pacifica,1/31/2023 - 1/31/2031,TRUE,6,538,1.1%,4,310,1.3%,8,291,2.7%,5,753,0.7%
Palm Desert,10/15/2021 - 10/15/2029,TRUE,21,675,3.1%,3,460,0.7%,,461,,487,1194,40.8%
Palm Springs,10/15/2021 - 10/15/2029,TRUE,89,545,16.3%,168,408,41.2%,51,461,11.1%,419,1143,36.7%
Palmdale,10/15/2021 - 10/15/2029,TRUE,7,1777,0.4%,296,935,31.7%,41,1004,4.1%,216,2924,7.4%
Palo Alto,1/31/2023 - 1/31/2031,TRUE,,1556,,39,896,4.4%,71,1013,7.0%,150,2621,5.7%
Palos Verdes Estates,10/15/2021 - 10/15/2029,TRUE,,82,,,44,,,48,,,25,
Paradise,6/15/2022 - 6/15/2030,TRUE,8,383,2.1%,160,374,42.8%,345,1319,26.2%,285,5103,5.6%
Paramount,10/15/2021 - 10/15/2029,TRUE,37,92,40.2%,25,43,58.1%,4,48,8.3%,29,181,16.0%
Parlier,12/31/2023 - 12/31/2031,TRUE,,147,,,94,,,108,,,384,
Pasadena,10/15/2021 - 10/15/2029,TRUE,75,2747,2.7%,,1662,,414,1565,26.5%,57,3455,1.6%
Paso Robles,12/31/2020 - 12/31/2028,TRUE,23,356,6.5%,29,224,12.9%,249,259,96.1%,74,607,12.2%
Patterson,12/31/2023 - 12/31/2031,TRUE,,1046,,,724,,,593,,,1353,
Perris,10/15/2021 - 10/15/2029,TRUE,,2030,,,1127,,2,1274,0.2%,518,3374,15.4%
Petaluma,1/31/2023 - 1/31/2031,TRUE,32,499,6.4%,31,288,10.8%,10,313,3.2%,35,810,4.3%
Pico Rivera,10/15/2021 - 10/15/2029,TRUE,,299,,,146,,,149,,141,430,32.8%
Piedmont,1/31/2023 - 1/31/2031,TRUE,3,163,1.8%,13,94,13.8%,5,92,5.4%,1,238,0.4%
Pinole,1/31/2023 - 1/31/2031,TRUE,26,121,21.5%,7,69,10.1%,1,87,1.1%,13,223,5.8%
Pismo Beach,12/31/2020 - 12/31/2028,TRUE,23,113,20.4%,53,71,74.6%,12,82,14.6%,48,193,24.9%
Pittsburg,1/31/2023 - 1/31/2031,TRUE,,516,,,296,,,346,,,894,
Placentia,10/15/2021 - 10/15/2029,TRUE,,1243,,64,680,9.4%,28,782,3.6%,186,1693,11.0%
Placer County,5/15/2021 - 5/15/2029,TRUE,,2127,,112,1282,8.7%,178,1319,13.5%,1882,3126,60.2%
Placerville,5/15/2021 - 5/15/2029,TRUE,,56,,,34,,15,50,30.0%,12,119,10.1%
Pleasant Hill,1/31/2023 - 1/31/2031,TRUE,,566,,2,326,0.6%,30,254,11.8%,29,657,4.4%
Pleasanton,1/31/2023 - 1/31/2031,TRUE,3,1750,0.2%,3,1008,0.3%,3,894,0.3%,9,2313,0.4%
Plumas County,8/31/2019 - 6/30/2024,TRUE,15,5,300.0%,29,3,966.7%,98,2,4900.0%,149,6,2483.3%
Plymouth,9/15/2021 - 9/15/2029,TRUE,,7,,,5,,,5,,22,13,169.2%
Point Arena,8/15/2019 - 8/15/2027,TRUE,,3,,,1,,,3,,,2,
Pomona,10/15/2021 - 10/15/2029,TRUE,,2799,,,1339,,,1510,,47,4910,1.0%
Port Hueneme,10/15/2021 - 10/15/2029,TRUE,,26,,18,16,112.5%,,18,,4,65,6.2%
Porterville,12/31/2023 - 12/31/2031,TRUE,,872,,,537,,,739,,,1916,
Portola,8/31/2019 - 6/30/2024,TRUE,,1,,,1,,,0,,2,2,100.0%
Portola Valley,1/31/2023 - 1/31/2031,TRUE,,73,,,42,,,39,,,99,
Poway,4/30/2021 - 4/30/2029,TRUE,,468,,,268,,41,241,17.0%,190,342,55.6%
Rancho Cordova,5/15/2021 - 5/15/2029,TRUE,18,2115,0.9%,95,1274,7.5%,396,1684,23.5%,1233,3994,30.9%
Rancho Cucamonga,10/15/2021 - 10/15/2029,TRUE,6,3245,0.2%,26,1920,1.4%,26,2038,1.3%,1327,3322,39.9%
Rancho Mirage,10/15/2021 - 10/15/2029,TRUE,,430,,,318,,,328,,353,670,52.7%
Rancho Palos Verdes,10/15/2021 - 10/15/2029,TRUE,,253,,29,139,20.9%,,125,,15,122,12.3%
Rancho Santa Margarita,10/15/2021 - 10/15/2029,TRUE,,209,,,120,,,125,,,226,
Red Bluff,8/31/2019 - 6/30/2024,TRUE,1,82,1.2%,5,63,7.9%,6,63,9.5%,1,160,0.6%
Redding,4/15/2020 - 4/15/2028,TRUE,129,502,25.7%,122,336,36.3%,150,360,41.7%,142,893,15.9%
Redlands,10/15/2021 - 10/15/2029,TRUE,107,967,11.1%,159,615,25.9%,13,652,2.0%,228,1282,17.8%
Redondo Beach,10/15/2021 - 10/15/2029,TRUE,14,936,1.5%,39,508,7.7%,5,490,1.0%,360,556,64.7%
Redwood City,1/31/2023 - 1/31/2031,TRUE,20,1115,1.8%,20,643,3.1%,20,789,2.5%,414,2041,20.3%
Reedley,12/31/2023 - 12/31/2031,TRUE,,403,,,183,,,211,,,666,
Rialto,10/15/2021 - 10/15/2029,TRUE,37,2218,1.7%,17,1206,1.4%,,1371,,346,3477,10.0%
Richmond,1/31/2023 - 1/31/2031,TRUE,,840,,,485,,2,638,0.3%,132,1651,8.0%
Ridgecrest,12/31/2023 - 12/31/2031,TRUE,,379,,,241,,,225,,,591,
Rio Dell,8/31/2019 - 8/31/2027,TRUE,2,12,16.7%,5,8,62.5%,2,9,22.2%,4,22,18.2%
Rio Vista,1/31/2023 - 1/31/2031,TRUE,,79,,,41,,,50,,40,157,25.5%
Ripon,12/31/2023 - 12/31/2031,TRUE,,311,,,254,,,263,,,596,
Riverbank,12/31/2023 - 12/31/2031,TRUE,,970,,,672,,,594,,,1355,
Riverside,10/15/2021 - 10/15/2029,TRUE,,4861,,32,3064,1.0%,35,3139,1.1%,1378,7394,18.6%
Riverside County,10/15/2021 - 10/15/2029,TRUE,,10371,,318,6627,4.8%,140,7347,1.9%,2324,16302,14.3%
Rocklin,5/15/2021 - 5/15/2029,TRUE,95,1911,5.0%,198,1151,17.2%,39,771,5.1%,656,1828,35.9%
Rohnert Park,1/31/2023 - 1/31/2031,TRUE,2,399,0.5%,2,230,0.9%,,265,,71,686,10.3%
Rolling Hills,10/15/2021 - 10/15/2029,TRUE,,20,,,9,,2,11,18.2%,3,5,60.0%
Rolling Hills Estates,10/15/2021 - 10/15/2029,TRUE,,82,,10,42,23.8%,2,38,5.3%,3,29,10.3%
Rosemead,10/15/2021 - 10/15/2029,TRUE,,1154,,11,638,1.7%,,686,,421,2134,19.7%
Roseville,5/15/2021 - 5/15/2029,TRUE,182,3855,4.7%,401,2323,17.3%,1651,1746,94.6%,2634,4142,63.6%
Ross,1/31/2023 - 1/31/2031,TRUE,2,34,5.9%,2,20,10.0%,,16,,,41,
Sacramento,5/15/2021 - 5/15/2029,TRUE,1041,10463,9.9%,1585,6306,25.1%,2812,8545,32.9%,2078,20266,10.3%
Sacramento County,5/15/2021 - 5/15/2029,TRUE,75,4466,1.7%,379,2692,14.1%,444,4186,10.6%,1291,9928,13.0%
Saint Helena,1/31/2023 - 1/31/2031,TRUE,,104,,,59,,,26,,8,67,11.9%
Salinas,12/15/2023 - 12/15/2031,TRUE,,920,,,600,,,1692,,1,3462,0.0%
San Anselmo,1/31/2023 - 1/31/2031,TRUE,,253,,19,145,13.1%,1,121,0.8%,2,314,0.6%
San Benito County,12/15/2023 - 12/15/2031,TRUE,,246,,,198,,,103,,1,207,0.5%
San Bernardino,10/15/2021 - 10/15/2029,TRUE,32,1415,2.3%,390,1097,35.6%,34,1448,2.3%,269,4163,6.5%
San Bernardino County,10/15/2021 - 10/15/2029,TRUE,39,2179,1.8%,255,1360,18.8%,542,1523,35.6%,1200,3770,31.8%
San Bruno,1/31/2023 - 1/31/2031,TRUE,37,704,5.3%,112,405,27.7%,9,573,1.6%,5,1483,0.3%
San Carlos,1/31/2023 - 1/31/2031,TRUE,,739,,,425,,,438,,31,1133,2.7%
San Clemente,10/15/2021 - 10/15/2029,TRUE,1,282,0.4%,14,164,8.5%,40,188,21.3%,168,348,48.3%
San Diego,4/30/2021 - 4/30/2029,TRUE,516,27549,1.9%,387,17331,2.2%,61,19319,0.3%,8140,43837,18.6%
San Diego County,4/30/2021 - 4/30/2029,TRUE,272,1834,14.8%,612,992,61.7%,737,1165,63.3%,2153,2709,79.5%
San Dimas,10/15/2021 - 10/15/2029,TRUE,,384,,,220,,,206,,75,438,17.1%
San Fernando,10/15/2021 - 10/15/2029,TRUE,6,461,1.3%,59,273,21.6%,28,284,9.9%,17,777,2.2%
San Francisco,1/31/2023 - 1/31/2031,TRUE,514,20867,2.5%,373,12014,3.1%,409,13717,3.0%,1738,35471,4.9%
San Gabriel,10/15/2021 - 10/15/2029,TRUE,,846,,134,415,32.3%,,466,,29,1296,2.2%
San Jacinto,10/15/2021 - 10/15/2029,TRUE,,800,,,465,,2,560,0.4%,340,1567,21.7%
San Joaquin,12/31/2023 - 12/31/2031,TRUE,,39,,,28,,,36,,,97,
San Joaquin County,12/31/2023 - 12/31/2031,TRUE,,1837,,,1132,,,1757,,,4082,
San Jose,1/31/2023 - 1/31/2031,TRUE,567,15088,3.8%,259,8687,3.0%,882,10711,8.2%,1220,27714,4.4%
San Juan Bautista,12/15/2023 - 12/15/2031,TRUE,,18,,,14,,,18,,,38,
San Juan Capistrano,10/15/2021 - 10/15/2029,TRUE,44,270,16.3%,23,173,13.3%,22,183,12.0%,291,428,68.0%
San Leandro,1/31/2023 - 1/31/2031,TRUE,16,862,1.9%,18,495,3.6%,18,696,2.6%,8,1802,0.4%
San Luis Obispo,12/31/2020 - 12/31/2028,TRUE,107,825,13.0%,178,520,34.2%,58,603,9.6%,1196,1406,85.1%
San Luis Obispo County,12/31/2020 - 12/31/2028,TRUE,,801,,123,505,24.4%,144,585,24.6%,449,1365,32.9%
San Marcos,4/30/2021 - 4/30/2029,TRUE,95,728,13.0%,39,530,7.4%,764,542,141.0%,559,1316,42.5%
San Marino,10/15/2021 - 10/15/2029,TRUE,,149,,,91,,,91,,65,66,98.5%
San Mateo,1/31/2023 - 1/31/2031,TRUE,24,1777,1.4%,24,1023,2.3%,20,1175,1.7%,24,3040,0.8%
San Mateo County,1/31/2023 - 1/31/2031,TRUE,,811,,,468,,,433,,,1121,
San Pablo,1/31/2023 - 1/31/2031,TRUE,,173,,53,100,53.0%,13,132,9.8%,10,341,2.9%
San Rafael,1/31/2023 - 1/31/2031,TRUE,40,857,4.7%,13,492,2.6%,,521,,56,1350,4.1%
San Ramon,1/31/2023 - 1/31/2031,TRUE,9,1497,0.6%,2,862,0.2%,5,767,0.7%,110,1985,5.5%
Sand City,12/15/2023 - 12/15/2031,TRUE,,59,,,39,,,49,,,113,
Sanger,12/31/2023 - 12/31/2031,TRUE,,412,,,193,,,245,,,644,
Santa Ana,10/15/2021 - 10/15/2029,TRUE,289,606,47.7%,229,362,63.3%,133,545,24.4%,3367,1624,207.3%
Santa Barbara,2/15/2023 - 2/15/2031,TRUE,1,2147,0.0%,34,1381,2.5%,,1441,,177,3032,5.8%
Santa Barbara County,2/15/2023 - 2/15/2031,TRUE,,1373,,58,1200,4.8%,8,1280,0.6%,153,1811,8.4%
Santa Clara,1/31/2023 - 1/31/2031,TRUE,58,2872,2.0%,190,1653,11.5%,60,1981,3.0%,602,5126,11.7%
Santa Clara County,1/31/2023 - 1/31/2031,TRUE,,828,,,477,,,508,,220,1312,16.8%
Santa Clarita,10/15/2021 - 10/15/2029,TRUE,,3397,,,1734,,,1672,,25,3228,0.8%
Santa Cruz,12/15/2023 - 12/15/2031,TRUE,,859,,2,562,0.4%,,709,,2,1606,0.1%
Santa Cruz County,12/15/2023 - 12/15/2031,TRUE,,1492,,1,976,0.1%,,586,,,1580,
Santa Fe Springs,10/15/2021 - 10/15/2029,TRUE,1,253,0.4%,5,159,3.1%,8,152,5.3%,,388,
Santa Maria,2/15/2023 - 2/15/2031,TRUE,,1032,,355,536,66.2%,,731,,36,3119,1.2%
Santa Monica,10/15/2021 - 10/15/2029,TRUE,137,2794,4.9%,34,1672,2.0%,94,1702,5.5%,769,2727,28.2%
Santa Paula,10/15/2021 - 10/15/2029,TRUE,,102,,,99,,,121,,,335,
Santa Rosa,1/31/2023 - 1/31/2031,TRUE,185,1218,15.2%,198,701,28.2%,73,771,9.5%,1244,1995,62.4%
Santee,4/30/2021 - 4/30/2029,TRUE,,406,,,200,,149,188,79.3%,134,425,31.5%
Saratoga,1/31/2023 - 1/31/2031,TRUE,,454,,12,261,4.6%,62,278,22.3%,44,719,6.1%
Sausalito,1/31/2023 - 1/31/2031,TRUE,,200,,,115,,,114,,,295,
Scotts Valley,12/15/2023 - 12/15/2031,TRUE,,392,,,257,,,154,,1,417,0.2%
Seal Beach,10/15/2021 - 10/15/2029,TRUE,,258,,,201,,2,239,0.8%,9,545,1.7%
Seaside,12/15/2023 - 12/15/2031,TRUE,,86,,,55,,,156,,,319,
Sebastopol,1/31/2023 - 1/31/2031,TRUE,34,55,61.8%,13,31,41.9%,,35,,8,92,8.7%
Selma,12/31/2023 - 12/31/2031,TRUE,,393,,,165,,,233,,,701,
Shafter,12/31/2023 - 12/31/2031,TRUE,,678,,,431,,,603,,,1581,
Shasta County,4/15/2020 - 4/15/2028,TRUE,46,273,16.8%,47,179,26.3%,28,193,14.5%,544,460,118.3%
Shasta Lake,4/15/2020 - 4/15/2028,TRUE,6,56,10.7%,27,39,69.2%,1,42,2.4%,5,101,5.0%
Sierra County,8/31/2019 - 6/30/2024,TRUE,7,1,700.0%,7,1,700.0%,6,0,Infinity,8,2,400.0%
Sierra Madre,10/15/2021 - 10/15/2029,TRUE,,79,,42,39,107.7%,1,35,2.9%,5,51,9.8%
Signal Hill,10/15/2021 - 10/15/2029,TRUE,,161,,,78,,,90,,13,188,6.9%
Simi Valley,10/15/2021 - 10/15/2029,TRUE,53,749,7.1%,50,493,10.1%,156,518,30.1%,528,1033,51.1%
Siskiyou County,2/15/2023 - 2/15/2031,TRUE,2,1,200.0%,1,1,100.0%,,0,,23,0,Infinity
Solana Beach,4/30/2021 - 4/30/2029,TRUE,,316,,,159,,45,160,28.1%,33,240,13.8%
Solano County,1/31/2023 - 1/31/2031,TRUE,,80,,11,50,22.0%,4,56,7.1%,19,129,14.7%
Soledad,12/15/2023 - 12/15/2031,TRUE,,100,,,65,,,183,,,376,
Solvang,2/15/2023 - 2/15/2031,TRUE,,55,,,39,,,22,,6,75,8.0%
Sonoma,1/31/2023 - 1/31/2031,TRUE,,83,,1,48,2.1%,4,50,8.0%,5,130,3.8%
Sonoma County,1/31/2023 - 1/31/2031,TRUE,,1024,,3,584,0.5%,110,627,17.5%,184,1589,11.6%
Sonora,8/31/2019 - 6/30/2024,TRUE,,25,,2,20,10.0%,4,20,20.0%,12,50,24.0%
South El Monte,10/15/2021 - 10/15/2029,TRUE,5,131,3.8%,8,64,12.5%,10,70,14.3%,24,312,7.7%
South Gate,10/15/2021 - 10/15/2029,TRUE,,2136,,,994,,,1173,,,3979,
South Lake Tahoe,5/15/2021 - 5/15/2029,TRUE,,70,,129,50,258.0%,3,42,7.1%,135,127,106.3%
South Pasadena,10/15/2021 - 10/15/2029,TRUE,,757,,,398,,,334,,58,578,10.0%
South San Francisco,1/31/2023 - 1/31/2031,TRUE,12,871,1.4%,48,502,9.6%,13,720,1.8%,14,1863,0.8%
Stanislaus County,12/31/2023 - 12/31/2031,TRUE,,574,,,398,,,458,,,1045,
Stanton,10/15/2021 - 10/15/2029,TRUE,,165,,,145,,13,231,5.6%,85,690,12.3%
Stockton,12/31/2023 - 12/31/2031,TRUE,,2465,,,1548,,,2587,,,6072,
Suisun City,1/31/2023 - 1/31/2031,TRUE,,160,,,95,,,98,,195,267,73.0%
Sunnyvale,1/31/2023 - 1/31/2031,TRUE,132,2968,4.4%,60,1709,3.5%,74,2032,3.6%,331,5257,6.3%
Susanville,8/31/2019 - 6/30/2024,TRUE,,14,,,9,,7,11,63.6%,23,24,95.8%
Sutter County,5/15/2021 - 5/15/2029,TRUE,,177,,6,107,5.6%,2,132,1.5%,52,313,16.6%
Sutter Creek,9/15/2021 - 9/15/2029,TRUE,,15,,,12,,,13,,6,34,17.6%
Taft,12/31/2023 - 12/31/2031,TRUE,,68,,,43,,,109,,,284,
Tehachapi,12/31/2023 - 12/31/2031,TRUE,,188,,,119,,,164,,,431,
Tehama,8/31/2019 - 6/30/2024,TRUE,,3,,,2,,,2,,,5,
Tehama County,8/31/2019 - 6/30/2024,TRUE,8,185,4.3%,113,157,72.0%,98,155,63.2%,44,367,12.0%
Temecula,10/15/2021 - 10/15/2029,TRUE,64,1359,4.7%,126,801,15.7%,2,778,0.3%,1773,1255,141.3%
Temple City,10/15/2021 - 10/15/2029,TRUE,134,630,21.3%,,350,,,369,,99,837,11.8%
Thousand Oaks,10/15/2021 - 10/15/2029,TRUE,,735,,,494,,,532,,229,860,26.6%
Tiburon,1/31/2023 - 1/31/2031,TRUE,,193,,,110,,,93,,2,243,0.8%
Torrance,10/15/2021 - 10/15/2029,TRUE,,1621,,,846,,,853,,380,1619,23.5%
Tracy,12/31/2023 - 12/31/2031,TRUE,,2567,,,2306,,,1454,,,2504,
Trinidad,8/31/2019 - 8/31/2027,TRUE,,4,,,4,,,3,,,7,
Trinity County,8/31/2019 - 6/30/2024,TRUE,,1,,,1,,,0,,73,0,Infinity
Truckee,8/15/2019 - 8/15/2027,TRUE,121,187,64.7%,77,140,55.0%,57,128,44.5%,474,300,158.0%
Tulare,12/31/2023 - 12/31/2031,TRUE,,1435,,,884,,,677,,,1753,
Tulare County,12/31/2023 - 12/31/2031,TRUE,,1563,,,963,,,1870,,,4847,
Tulelake,2/15/2023 - 2/15/2031,TRUE,,1,,,1,,,0,,,0,
Tuolumne County,8/31/2019 - 6/30/2024,TRUE,,125,,,93,,,87,,143,220,65.0%
Turlock,12/31/2023 - 12/31/2031,TRUE,,1305,,,903,,,1096,,,2498,
Tustin,10/15/2021 - 10/15/2029,TRUE,,1724,,11,1046,1.1%,2,1132,0.2%,412,2880,14.3%
Twentynine Palms,10/15/2021 - 10/15/2029,TRUE,,231,,,127,,28,185,15.1%,,504,
Ukiah,8/15/2019 - 8/15/2027,TRUE,50,86,58.1%,104,72,144.4%,24,49,49.0%,20,32,62.5%
Union City,1/31/2023 - 1/31/2031,TRUE,6,862,0.7%,5,496,1.0%,7,382,1.8%,3,988,0.3%
Upland,10/15/2021 - 10/15/2029,TRUE,,1584,,,959,,114,1013,11.3%,264,2130,12.4%
Vacaville,1/31/2023 - 1/31/2031,TRUE,,677,,,404,,,409,,464,1105,42.0%
Vallejo,1/31/2023 - 1/31/2031,TRUE,6,690,0.9%,12,369,3.3%,9,495,1.8%,94,1346,7.0%
Ventura,10/15/2021 - 10/15/2029,TRUE,9,1187,0.8%,24,865,2.8%,8,950,0.8%,649,2310,28.1%
Ventura County,10/15/2021 - 10/15/2029,TRUE,173,319,54.2%,424,225,188.4%,106,250,42.4%,109,468,23.3%
Vernon,10/15/2021 - 10/15/2029,TRUE,,5,,,4,,,0,,,0,
Victorville,10/15/2021 - 10/15/2029,TRUE,,1735,,,1136,,,1504,,472,3790,12.5%
Villa Park,10/15/2021 - 10/15/2029,TRUE,1,93,1.1%,1,60,1.7%,1,61,1.6%,4,82,4.9%
Visalia,12/31/2023 - 12/31/2031,TRUE,,3741,,,2306,,,1321,,,3423,
Vista,4/30/2021 - 4/30/2029,TRUE,57,515,11.1%,4,321,1.2%,,369,,395,1356,29.1%
Walnut,10/15/2021 - 10/15/2029,TRUE,,427,,2,225,0.9%,2,231,0.9%,72,410,17.6%
Walnut Creek,1/31/2023 - 1/31/2031,TRUE,2,1657,0.1%,10,954,1.0%,8,890,0.9%,3,2304,0.1%
Wasco,12/31/2023 - 12/31/2031,TRUE,,127,,,82,,,242,,,635,
Waterford,12/31/2023 - 12/31/2031,TRUE,,107,,,74,,,115,,,261,
Watsonville,12/15/2023 - 12/15/2031,TRUE,,283,,5,186,2.7%,,521,,,1063,
Weed,2/15/2023 - 2/15/2031,TRUE,,1,,,1,,,0,,,0,
West Covina,10/15/2021 - 10/15/2029,TRUE,15,1653,0.9%,61,850,7.2%,85,865,9.8%,301,1978,15.2%
West Hollywood,10/15/2021 - 10/15/2029,TRUE,6,1066,0.6%,3,689,0.4%,5,682,0.7%,251,1496,16.8%
West Sacramento,5/15/2021 - 5/15/2029,TRUE,9,2287,0.4%,38,1378,2.8%,18,1722,1.0%,1010,4084,24.7%
Westlake Village,10/15/2021 - 10/15/2029,TRUE,,58,,6,29,20.7%,9,32,28.1%,90,23,391.3%
Westminster,10/15/2021 - 10/15/2029,TRUE,23,1881,1.2%,75,1473,5.1%,60,1784,3.4%,246,4621,5.3%
Westmorland,10/15/2021 - 10/15/2029,TRUE,,8,,,6,,9,4,225.0%,,15,
Wheatland,5/15/2021 - 5/15/2029,TRUE,40,105,38.1%,8,64,12.5%,,98,,72,232,31.0%
Whittier,10/15/2021 - 10/15/2029,TRUE,,1025,,27,537,5.0%,98,556,17.6%,159,1321,12.0%
Wildomar,10/15/2021 - 10/15/2029,TRUE,,798,,,450,,14,434,3.2%,616,1033,59.6%
Williams,12/31/2020 - 12/31/2028,TRUE,,71,,12,56,21.4%,,66,,26,137,19.0%
Willits,8/15/2019 - 8/15/2027,TRUE,,34,,2,25,8.0%,13,17,76.5%,5,35,14.3%
Willows,11/30/2021 - 11/30/2029,TRUE,,47,,,22,,,36,,1,80,1.3%
Windsor,1/31/2023 - 1/31/2031,TRUE,2,385,0.5%,174,222,78.4%,3,108,2.8%,27,279,9.7%
Winters,5/15/2021 - 5/15/2029,TRUE,1,125,0.8%,3,75,4.0%,21,104,20.2%,68,248,27.4%
Woodlake,12/31/2023 - 12/31/2031,TRUE,,75,,,47,,,103,,,267,
Woodland,5/15/2021 - 5/15/2029,TRUE,113,663,17.0%,44,399,11.0%,95,601,15.8%,234,1424,16.4%
Woodside,1/31/2023 - 1/31/2031,TRUE,7,90,7.8%,6,52,11.5%,6,52,11.5%,14,134,10.4%
Yolo County,5/15/2021 - 5/15/2029,TRUE,17,14,121.4%,13,9,144.4%,21,10,210.0%,24,24,100.0%
Yorba Linda,10/15/2021 - 10/15/2029,TRUE,38,765,5.0%,13,451,2.9%,9,457,2.0%,34,742,4.6%
Yountville,1/31/2023 - 1/31/2031,TRUE,,19,,,11,,,12,,1,30,3.3%
Yreka,2/15/2023 - 2/15/2031,TRUE,,1,,,1,,,0,,,0,
Yuba City,5/15/2021 - 5/15/2029,TRUE,,756,,,455,,,622,,131,1475,8.9%
Yuba County,5/15/2021 - 5/15/2029,TRUE,1,621,0.2%,90,374,24.1%,5,561,0.9%,1335,1331,100.3%
Yucaipa,10/15/2021 - 10/15/2029,TRUE,,708,,138,493,28.0%,86,511,16.8%,364,1154,31.5%
Yucca Valley,10/15/2021 - 10/15/2029,TRUE,,155,,,117,,,145,,10,333,3.0%
